usertw,datetw,followers
AlvaroUribeVel,2022-04-25 08:00:37.527933,5009565
petrogustavo,2022-04-25 08:00:37.527933,4801639
FicoGutierrez,2022-04-25 08:00:37.527933,851913
FranciaMarquezM,2022-04-25 08:00:37.527933,394776
Enrique_GomezM,2022-04-25 08:00:37.527933,33002
EnriquePenalosa,2022-04-25 08:00:37.527933,1984082
ingrodolfohdez,2022-04-25 08:00:37.527933,140061
ZelenskyyUa,2022-04-25 08:00:37.527933,6088556
German_Vargas,2022-04-25 08:00:37.527933,879009
UCompensar,2022-04-25 08:00:37.527933,7170
sergio_fajardo,2022-04-25 08:00:37.527933,1645693
AlvaroUribeVel,2022-04-26 08:00:21.404372,5009550
petrogustavo,2022-04-26 08:00:21.404372,4805352
FicoGutierrez,2022-04-26 08:00:21.404372,853921
FranciaMarquezM,2022-04-26 08:00:21.404372,396610
Enrique_GomezM,2022-04-26 08:00:21.404372,33332
EnriquePenalosa,2022-04-26 08:00:21.404372,1984465
ingrodolfohdez,2022-04-26 08:00:21.404372,141010
ZelenskyyUa,2022-04-26 08:00:21.404372,6096117
German_Vargas,2022-04-26 08:00:21.404372,879073
UCompensar,2022-04-26 08:00:21.404372,7170
sergio_fajardo,2022-04-26 08:00:21.404372,1646167
AlvaroUribeVel,2022-04-27 08:00:35.863232,5009558
petrogustavo,2022-04-27 08:00:35.863232,4808636
FicoGutierrez,2022-04-27 08:00:35.863232,855682
FranciaMarquezM,2022-04-27 08:00:35.863232,398280
Enrique_GomezM,2022-04-27 08:00:35.863232,33514
EnriquePenalosa,2022-04-27 08:00:35.863232,1984846
ingrodolfohdez,2022-04-27 08:00:35.863232,141525
ZelenskyyUa,2022-04-27 08:00:35.863232,6108621
German_Vargas,2022-04-27 08:00:35.863232,879172
UCompensar,2022-04-27 08:00:35.863232,7170
sergio_fajardo,2022-04-27 08:00:35.863232,1646859
AlvaroUribeVel,2022-04-28 08:00:24.431233,5009748
petrogustavo,2022-04-28 08:00:24.431233,4811851
FicoGutierrez,2022-04-28 08:00:24.431233,857325
FranciaMarquezM,2022-04-28 08:00:24.431233,400012
Enrique_GomezM,2022-04-28 08:00:24.431233,33638
EnriquePenalosa,2022-04-28 08:00:24.431233,1985140
ingrodolfohdez,2022-04-28 08:00:24.431233,142107
ZelenskyyUa,2022-04-28 08:00:24.431233,6118870
German_Vargas,2022-04-28 08:00:24.431233,879252
UCompensar,2022-04-28 08:00:24.431233,7171
sergio_fajardo,2022-04-28 08:00:24.431233,1647508
AlvaroUribeVel,2022-04-29 08:00:16.144529,5009858
petrogustavo,2022-04-29 08:00:16.144529,4815038
FicoGutierrez,2022-04-29 08:00:16.144529,858971
FranciaMarquezM,2022-04-29 08:00:16.144529,401443
Enrique_GomezM,2022-04-29 08:00:16.144529,33756
EnriquePenalosa,2022-04-29 08:00:16.144529,1985501
ingrodolfohdez,2022-04-29 08:00:16.144529,143924
ZelenskyyUa,2022-04-29 08:00:16.144529,6128459
German_Vargas,2022-04-29 08:00:16.144529,879296
UCompensar,2022-04-29 08:00:16.144529,7173
sergio_fajardo,2022-04-29 08:00:16.144529,1648259
AlvaroUribeVel,2022-04-30 08:00:23.221282,5009921
petrogustavo,2022-04-30 08:00:23.221282,4817379
FicoGutierrez,2022-04-30 08:00:23.221282,860353
FranciaMarquezM,2022-04-30 08:00:23.221282,402564
Enrique_GomezM,2022-04-30 08:00:23.221282,33823
EnriquePenalosa,2022-04-30 08:00:23.221282,1985740
ingrodolfohdez,2022-04-30 08:00:23.221282,145396
ZelenskyyUa,2022-04-30 08:00:23.221282,6138003
German_Vargas,2022-04-30 08:00:23.221282,879352
UCompensar,2022-04-30 08:00:23.221282,7173
sergio_fajardo,2022-04-30 08:00:23.221282,1648784
AlvaroUribeVel,2022-05-01 08:00:19.882955,5009981
petrogustavo,2022-05-01 08:00:19.882955,4821491
FicoGutierrez,2022-05-01 08:00:19.882955,861762
FranciaMarquezM,2022-05-01 08:00:19.882955,403731
Enrique_GomezM,2022-05-01 08:00:19.882955,33870
EnriquePenalosa,2022-05-01 08:00:19.882955,1985903
ingrodolfohdez,2022-05-01 08:00:19.882955,146497
ZelenskyyUa,2022-05-01 08:00:19.882955,6147979
German_Vargas,2022-05-01 08:00:19.882955,879405
UCompensar,2022-05-01 08:00:19.882955,7173
sergio_fajardo,2022-05-01 08:00:19.882955,1649198
AlvaroUribeVel,2022-05-02 08:00:29.124283,5011146
petrogustavo,2022-05-02 08:00:29.124283,4824712
FicoGutierrez,2022-05-02 08:00:29.124283,863130
FranciaMarquezM,2022-05-02 08:00:29.124283,405078
Enrique_GomezM,2022-05-02 08:00:29.124283,33902
EnriquePenalosa,2022-05-02 08:00:29.124283,1986125
ingrodolfohdez,2022-05-02 08:00:29.124283,147218
ZelenskyyUa,2022-05-02 08:00:29.124283,6162111
German_Vargas,2022-05-02 08:00:29.124283,879471
UCompensar,2022-05-02 08:00:29.124283,7174
sergio_fajardo,2022-05-02 08:00:29.124283,1649573
AlvaroUribeVel,2022-05-03 08:00:33.428775,5010765
petrogustavo,2022-05-03 08:00:33.428775,4828927
FicoGutierrez,2022-05-03 08:00:33.428775,864941
FranciaMarquezM,2022-05-03 08:00:33.428775,406599
Enrique_GomezM,2022-05-03 08:00:33.428775,33956
EnriquePenalosa,2022-05-03 08:00:33.428775,1986346
ingrodolfohdez,2022-05-03 08:00:33.428775,148494
ZelenskyyUa,2022-05-03 08:00:33.428775,6170132
German_Vargas,2022-05-03 08:00:33.428775,879555
UCompensar,2022-05-03 08:00:33.428775,7174
sergio_fajardo,2022-05-03 08:00:33.428775,1650059
AlvaroUribeVel,2022-05-04 08:00:37.247074,5011528
petrogustavo,2022-05-04 08:00:37.247074,4832741
FicoGutierrez,2022-05-04 08:00:37.247074,866526
FranciaMarquezM,2022-05-04 08:00:37.247074,408268
Enrique_GomezM,2022-05-04 08:00:37.247074,34065
EnriquePenalosa,2022-05-04 08:00:37.247074,1986637
ingrodolfohdez,2022-05-04 08:00:37.247074,149922
ZelenskyyUa,2022-05-04 08:00:37.247074,6180807
German_Vargas,2022-05-04 08:00:37.247074,879619
UCompensar,2022-05-04 08:00:37.247074,7174
sergio_fajardo,2022-05-04 08:00:37.247074,1650599
realamberheard,2022-05-04 19:48:19.144632,209928
AlvaroUribeVel,2022-05-05 08:00:21.117298,5012209
petrogustavo,2022-05-05 08:00:21.117298,4835063
FicoGutierrez,2022-05-05 08:00:21.117298,867759
FranciaMarquezM,2022-05-05 08:00:21.117298,409665
Enrique_GomezM,2022-05-05 08:00:21.117298,34188
EnriquePenalosa,2022-05-05 08:00:21.117298,1986887
ingrodolfohdez,2022-05-05 08:00:21.117298,151315
ZelenskyyUa,2022-05-05 08:00:21.117298,6186754
German_Vargas,2022-05-05 08:00:21.117298,879652
UCompensar,2022-05-05 08:00:21.117298,7175
sergio_fajardo,2022-05-05 08:00:21.117298,1650932
realamberheard,2022-05-05 08:00:21.117298,210857
ZelenskyyUa,2022-05-06 08:00:32.755003,6193457
German_Vargas,2022-05-06 08:00:32.755003,879738
UCompensar,2022-05-06 08:00:32.755003,7175
sergio_fajardo,2022-05-06 08:00:32.755003,1651442
AlvaroUribeVel,2022-05-06 08:00:32.755003,5012982
petrogustavo,2022-05-06 08:00:32.755003,4838215
FicoGutierrez,2022-05-06 08:00:32.755003,869320
FranciaMarquezM,2022-05-06 08:00:32.755003,411126
Enrique_GomezM,2022-05-06 08:00:32.755003,34289
EnriquePenalosa,2022-05-06 08:00:32.755003,1987271
ingrodolfohdez,2022-05-06 08:00:32.755003,153767
realamberheard,2022-05-06 08:00:32.755003,212759
AlvaroUribeVel,2022-05-07 08:00:18.075785,5013912
petrogustavo,2022-05-07 08:00:18.075785,4841860
FicoGutierrez,2022-05-07 08:00:18.075785,870731
FranciaMarquezM,2022-05-07 08:00:18.075785,412855
Enrique_GomezM,2022-05-07 08:00:18.075785,34377
EnriquePenalosa,2022-05-07 08:00:18.075785,1987539
ingrodolfohdez,2022-05-07 08:00:18.075785,164183
ZelenskyyUa,2022-05-07 08:00:18.075785,6198865
German_Vargas,2022-05-07 08:00:18.075785,879784
UCompensar,2022-05-07 08:00:18.075785,7176
sergio_fajardo,2022-05-07 08:00:18.075785,1651904
realamberheard,2022-05-07 08:00:18.075785,214387
AlvaroUribeVel,2022-05-08 08:00:13.241442,5015083
petrogustavo,2022-05-08 08:00:13.241442,4845557
FicoGutierrez,2022-05-08 08:00:13.241442,872131
FranciaMarquezM,2022-05-08 08:00:13.241442,414527
Enrique_GomezM,2022-05-08 08:00:13.241442,34430
EnriquePenalosa,2022-05-08 08:00:13.241442,1987780
ingrodolfohdez,2022-05-08 08:00:13.241442,166902
ZelenskyyUa,2022-05-08 08:00:13.241442,6203601
German_Vargas,2022-05-08 08:00:13.241442,879852
UCompensar,2022-05-08 08:00:13.241442,7176
sergio_fajardo,2022-05-08 08:00:13.241442,1652379
realamberheard,2022-05-08 08:00:13.241442,215520
AlvaroUribeVel,2022-05-09 08:00:26.195295,5015787
petrogustavo,2022-05-09 08:00:26.195295,4848274
FicoGutierrez,2022-05-09 08:00:26.195295,873507
FranciaMarquezM,2022-05-09 08:00:26.195295,415816
Enrique_GomezM,2022-05-09 08:00:26.195295,34461
EnriquePenalosa,2022-05-09 08:00:26.195295,1988016
ingrodolfohdez,2022-05-09 08:00:26.195295,168532
ZelenskyyUa,2022-05-09 08:00:26.195295,6210888
German_Vargas,2022-05-09 08:00:26.195295,879898
UCompensar,2022-05-09 08:00:26.195295,7178
sergio_fajardo,2022-05-09 08:00:26.195295,1652915
realamberheard,2022-05-09 08:00:26.195295,216357
AlvaroUribeVel,2022-05-10 08:00:23.690927,5016585
petrogustavo,2022-05-10 08:00:23.690927,4851365
FicoGutierrez,2022-05-10 08:00:23.690927,875089
FranciaMarquezM,2022-05-10 08:00:23.690927,417166
Enrique_GomezM,2022-05-10 08:00:23.690927,34535
EnriquePenalosa,2022-05-10 08:00:23.690927,1988241
ingrodolfohdez,2022-05-10 08:00:23.690927,170618
ZelenskyyUa,2022-05-10 08:00:23.690927,6216512
German_Vargas,2022-05-10 08:00:23.690927,879998
UCompensar,2022-05-10 08:00:23.690927,7177
sergio_fajardo,2022-05-10 08:00:23.690927,1653587
realamberheard,2022-05-10 08:00:23.690927,217076
AlvaroUribeVel,2022-05-11 08:00:44.693278,5017738
petrogustavo,2022-05-11 08:00:44.693278,4855868
FicoGutierrez,2022-05-11 08:00:44.693278,877228
FranciaMarquezM,2022-05-11 08:00:44.693278,418974
Enrique_GomezM,2022-05-11 08:00:44.693278,34581
EnriquePenalosa,2022-05-11 08:00:44.693278,1988601
ingrodolfohdez,2022-05-11 08:00:44.693278,172332
ZelenskyyUa,2022-05-11 08:00:44.693278,6222335
German_Vargas,2022-05-11 08:00:44.693278,880147
UCompensar,2022-05-11 08:00:44.693278,7177
sergio_fajardo,2022-05-11 08:00:44.693278,1654174
realamberheard,2022-05-11 08:00:44.693278,217800
marcollinasvolp,2022-05-11 15:12:59.040071,309
AlvaroUribeVel,2022-05-12 08:00:18.571540,5019155
petrogustavo,2022-05-12 08:00:18.571540,4860966
FicoGutierrez,2022-05-12 08:00:18.571540,879175
FranciaMarquezM,2022-05-12 08:00:18.571540,420882
Enrique_GomezM,2022-05-12 08:00:18.571540,34626
EnriquePenalosa,2022-05-12 08:00:18.571540,1988940
ingrodolfohdez,2022-05-12 08:00:18.571540,173596
ZelenskyyUa,2022-05-12 08:00:18.571540,6230175
German_Vargas,2022-05-12 08:00:18.571540,880214
UCompensar,2022-05-12 08:00:18.571540,7178
sergio_fajardo,2022-05-12 08:00:18.571540,1654975
realamberheard,2022-05-12 08:00:18.571540,218481
marcollinasvolp,2022-05-12 08:00:18.571540,310
AlvaroUribeVel,2022-05-13 08:00:23.339463,5020128
petrogustavo,2022-05-13 08:00:23.339463,4864762
FicoGutierrez,2022-05-13 08:00:23.339463,880690
FranciaMarquezM,2022-05-13 08:00:23.339463,422573
Enrique_GomezM,2022-05-13 08:00:23.339463,34779
EnriquePenalosa,2022-05-13 08:00:23.339463,1989174
ingrodolfohdez,2022-05-13 08:00:23.339463,174714
ZelenskyyUa,2022-05-13 08:00:23.339463,6236247
German_Vargas,2022-05-13 08:00:23.339463,880263
UCompensar,2022-05-13 08:00:23.339463,7180
sergio_fajardo,2022-05-13 08:00:23.339463,1655394
realamberheard,2022-05-13 08:00:23.339463,218998
marcollinasvolp,2022-05-13 08:00:23.339463,310
AlvaroUribeVel,2022-05-14 08:00:39.786612,5021025
petrogustavo,2022-05-14 08:00:39.786612,4868323
FicoGutierrez,2022-05-14 08:00:39.786612,882362
FranciaMarquezM,2022-05-14 08:00:39.786612,424010
Enrique_GomezM,2022-05-14 08:00:39.786612,34940
EnriquePenalosa,2022-05-14 08:00:39.786612,1989393
ingrodolfohdez,2022-05-14 08:00:39.786612,176065
ZelenskyyUa,2022-05-14 08:00:39.786612,6242291
German_Vargas,2022-05-14 08:00:39.786612,880324
UCompensar,2022-05-14 08:00:39.786612,7181
sergio_fajardo,2022-05-14 08:00:39.786612,1655722
realamberheard,2022-05-14 08:00:39.786612,219511
marcollinasvolp,2022-05-14 08:00:39.786612,310
AlvaroUribeVel,2022-05-15 08:00:19.220318,5022171
petrogustavo,2022-05-15 08:00:19.220318,4871616
FicoGutierrez,2022-05-15 08:00:19.220318,883896
FranciaMarquezM,2022-05-15 08:00:19.220318,425135
Enrique_GomezM,2022-05-15 08:00:19.220318,35011
EnriquePenalosa,2022-05-15 08:00:19.220318,1989636
ingrodolfohdez,2022-05-15 08:00:19.220318,177146
ZelenskyyUa,2022-05-15 08:00:19.220318,6249671
German_Vargas,2022-05-15 08:00:19.220318,880413
UCompensar,2022-05-15 08:00:19.220318,7181
sergio_fajardo,2022-05-15 08:00:19.220318,1656105
realamberheard,2022-05-15 08:00:19.220318,219973
marcollinasvolp,2022-05-15 08:00:19.220318,310
AlvaroUribeVel,2022-05-16 08:00:36.456694,5023137
petrogustavo,2022-05-16 08:00:36.456694,4875566
FicoGutierrez,2022-05-16 08:00:36.456694,885561
FranciaMarquezM,2022-05-16 08:00:36.456694,427006
Enrique_GomezM,2022-05-16 08:00:36.456694,35074
ingrodolfohdez,2022-05-16 08:00:36.456694,178876
German_Vargas,2022-05-16 08:00:36.456694,880472
UCompensar,2022-05-16 08:00:36.456694,7180
realamberheard,2022-05-16 08:00:36.456694,220454
EnriquePenalosa,2022-05-16 08:00:36.456694,1989847
ZelenskyyUa,2022-05-16 08:00:36.456694,6255409
sergio_fajardo,2022-05-16 08:00:36.456694,1656476
marcollinasvolp,2022-05-16 08:00:36.456694,310
AlvaroUribeVel,2022-05-17 08:00:24.916108,5023856
petrogustavo,2022-05-17 08:00:24.916108,4879356
FicoGutierrez,2022-05-17 08:00:24.916108,886841
FranciaMarquezM,2022-05-17 08:00:24.916108,428808
Enrique_GomezM,2022-05-17 08:00:24.916108,35207
EnriquePenalosa,2022-05-17 08:00:24.916108,1990030
ingrodolfohdez,2022-05-17 08:00:24.916108,181128
ZelenskyyUa,2022-05-17 08:00:24.916108,6260251
German_Vargas,2022-05-17 08:00:24.916108,880547
UCompensar,2022-05-17 08:00:24.916108,7180
sergio_fajardo,2022-05-17 08:00:24.916108,1656844
realamberheard,2022-05-17 08:00:24.916108,221858
marcollinasvolp,2022-05-17 08:00:24.916108,310
JohnMiltonR_,2022-05-18 01:04:21.562602,41969
AlvaroUribeVel,2022-05-18 08:00:24.460233,5024568
petrogustavo,2022-05-18 08:00:24.460233,4882365
FicoGutierrez,2022-05-18 08:00:24.460233,888413
FranciaMarquezM,2022-05-18 08:00:24.460233,430566
Enrique_GomezM,2022-05-18 08:00:24.460233,35347
EnriquePenalosa,2022-05-18 08:00:24.460233,1990192
ingrodolfohdez,2022-05-18 08:00:24.460233,184528
ZelenskyyUa,2022-05-18 08:00:24.460233,6263892
German_Vargas,2022-05-18 08:00:24.460233,880611
UCompensar,2022-05-18 08:00:24.460233,7179
sergio_fajardo,2022-05-18 08:00:24.460233,1657150
realamberheard,2022-05-18 08:00:24.460233,224736
marcollinasvolp,2022-05-18 08:00:24.460233,310
JohnMiltonR_,2022-05-18 08:00:24.460233,41985
AlvaroUribeVel,2022-05-19 08:00:39.880193,5025491
petrogustavo,2022-05-19 08:00:39.880193,4886695
FicoGutierrez,2022-05-19 08:00:39.880193,890439
FranciaMarquezM,2022-05-19 08:00:39.880193,432090
Enrique_GomezM,2022-05-19 08:00:39.880193,35486
EnriquePenalosa,2022-05-19 08:00:39.880193,1990433
ingrodolfohdez,2022-05-19 08:00:39.880193,189207
ZelenskyyUa,2022-05-19 08:00:39.880193,6268186
German_Vargas,2022-05-19 08:00:39.880193,880663
UCompensar,2022-05-19 08:00:39.880193,7178
sergio_fajardo,2022-05-19 08:00:39.880193,1657588
realamberheard,2022-05-19 08:00:39.880193,226685
marcollinasvolp,2022-05-19 08:00:39.880193,310
JohnMiltonR_,2022-05-19 08:00:39.880193,42030
AlvaroUribeVel,2022-05-20 08:00:31.905501,5026204
petrogustavo,2022-05-20 08:00:31.905501,4889933
FicoGutierrez,2022-05-20 08:00:31.905501,892027
FranciaMarquezM,2022-05-20 08:00:31.905501,433402
Enrique_GomezM,2022-05-20 08:00:31.905501,35635
EnriquePenalosa,2022-05-20 08:00:31.905501,1990633
ingrodolfohdez,2022-05-20 08:00:31.905501,195099
ZelenskyyUa,2022-05-20 08:00:31.905501,6270777
German_Vargas,2022-05-20 08:00:31.905501,880729
UCompensar,2022-05-20 08:00:31.905501,7179
sergio_fajardo,2022-05-20 08:00:31.905501,1657963
realamberheard,2022-05-20 08:00:31.905501,228476
marcollinasvolp,2022-05-20 08:00:31.905501,310
JohnMiltonR_,2022-05-20 08:00:31.905501,42065
AlvaroUribeVel,2022-05-21 08:00:28.901877,5026963
petrogustavo,2022-05-21 08:00:28.901877,4893291
FicoGutierrez,2022-05-21 08:00:28.901877,893362
FranciaMarquezM,2022-05-21 08:00:28.901877,434733
Enrique_GomezM,2022-05-21 08:00:28.901877,35769
EnriquePenalosa,2022-05-21 08:00:28.901877,1990822
ingrodolfohdez,2022-05-21 08:00:28.901877,201480
ZelenskyyUa,2022-05-21 08:00:28.901877,6274299
German_Vargas,2022-05-21 08:00:28.901877,880846
UCompensar,2022-05-21 08:00:28.901877,7181
sergio_fajardo,2022-05-21 08:00:28.901877,1658346
realamberheard,2022-05-21 08:00:28.901877,229809
marcollinasvolp,2022-05-21 08:00:28.901877,310
JohnMiltonR_,2022-05-21 08:00:28.901877,42092
AlvaroUribeVel,2022-05-22 08:00:34.874249,5027778
petrogustavo,2022-05-22 08:00:34.874249,4896879
FicoGutierrez,2022-05-22 08:00:34.874249,894607
FranciaMarquezM,2022-05-22 08:00:34.874249,436628
Enrique_GomezM,2022-05-22 08:00:34.874249,35921
EnriquePenalosa,2022-05-22 08:00:34.874249,1990964
ingrodolfohdez,2022-05-22 08:00:34.874249,204277
ZelenskyyUa,2022-05-22 08:00:34.874249,6278315
German_Vargas,2022-05-22 08:00:34.874249,880947
UCompensar,2022-05-22 08:00:34.874249,7181
sergio_fajardo,2022-05-22 08:00:34.874249,1658632
realamberheard,2022-05-22 08:00:34.874249,231025
marcollinasvolp,2022-05-22 08:00:34.874249,310
JohnMiltonR_,2022-05-22 08:00:34.874249,42136
AlvaroUribeVel,2022-05-23 08:00:25.072805,5028832
petrogustavo,2022-05-23 08:00:25.072805,4901445
FicoGutierrez,2022-05-23 08:00:25.072805,896180
FranciaMarquezM,2022-05-23 08:00:25.072805,439466
Enrique_GomezM,2022-05-23 08:00:25.072805,36151
EnriquePenalosa,2022-05-23 08:00:25.072805,1991172
ingrodolfohdez,2022-05-23 08:00:25.072805,207823
ZelenskyyUa,2022-05-23 08:00:25.072805,6281821
German_Vargas,2022-05-23 08:00:25.072805,881035
UCompensar,2022-05-23 08:00:25.072805,7180
sergio_fajardo,2022-05-23 08:00:25.072805,1659138
realamberheard,2022-05-23 08:00:25.072805,232083
marcollinasvolp,2022-05-23 08:00:25.072805,310
JohnMiltonR_,2022-05-23 08:00:25.072805,42194
AlvaroUribeVel,2022-05-24 08:00:39.105406,5029967
petrogustavo,2022-05-24 08:00:39.105406,4906558
FicoGutierrez,2022-05-24 08:00:39.105406,898029
FranciaMarquezM,2022-05-24 08:00:39.105406,441638
Enrique_GomezM,2022-05-24 08:00:39.105406,36428
EnriquePenalosa,2022-05-24 08:00:39.105406,1991488
ingrodolfohdez,2022-05-24 08:00:39.105406,213036
ZelenskyyUa,2022-05-24 08:00:39.105406,6284527
German_Vargas,2022-05-24 08:00:39.105406,881121
UCompensar,2022-05-24 08:00:39.105406,7183
sergio_fajardo,2022-05-24 08:00:39.105406,1659950
realamberheard,2022-05-24 08:00:39.105406,233326
marcollinasvolp,2022-05-24 08:00:39.105406,311
JohnMiltonR_,2022-05-24 08:00:39.105406,42252
AlvaroUribeVel,2022-05-25 08:00:34.551085,5031319
petrogustavo,2022-05-25 08:00:34.551085,4910968
FicoGutierrez,2022-05-25 08:00:34.551085,899729
FranciaMarquezM,2022-05-25 08:00:34.551085,443326
Enrique_GomezM,2022-05-25 08:00:34.551085,36639
EnriquePenalosa,2022-05-25 08:00:34.551085,1991761
ingrodolfohdez,2022-05-25 08:00:34.551085,216026
ZelenskyyUa,2022-05-25 08:00:34.551085,6287690
German_Vargas,2022-05-25 08:00:34.551085,881235
UCompensar,2022-05-25 08:00:34.551085,7185
sergio_fajardo,2022-05-25 08:00:34.551085,1661048
realamberheard,2022-05-25 08:00:34.551085,234647
marcollinasvolp,2022-05-25 08:00:34.551085,311
JohnMiltonR_,2022-05-25 08:00:34.551085,42356
AlvaroUribeVel,2022-05-26 08:00:35.718568,5031912
petrogustavo,2022-05-26 08:00:35.718568,4914930
FicoGutierrez,2022-05-26 08:00:35.718568,901146
FranciaMarquezM,2022-05-26 08:00:35.718568,445131
Enrique_GomezM,2022-05-26 08:00:35.718568,36853
EnriquePenalosa,2022-05-26 08:00:35.718568,1991853
ingrodolfohdez,2022-05-26 08:00:35.718568,217615
ZelenskyyUa,2022-05-26 08:00:35.718568,6292262
German_Vargas,2022-05-26 08:00:35.718568,881212
UCompensar,2022-05-26 08:00:35.718568,7186
sergio_fajardo,2022-05-26 08:00:35.718568,1661608
realamberheard,2022-05-26 08:00:35.718568,235619
marcollinasvolp,2022-05-26 08:00:35.718568,311
JohnMiltonR_,2022-05-26 08:00:35.718568,42434
AlvaroUribeVel,2022-05-27 08:00:44.603357,5032936
petrogustavo,2022-05-27 08:00:44.603357,4919153
FicoGutierrez,2022-05-27 08:00:44.603357,902659
FranciaMarquezM,2022-05-27 08:00:44.603357,446756
Enrique_GomezM,2022-05-27 08:00:44.603357,37026
EnriquePenalosa,2022-05-27 08:00:44.603357,1992105
ingrodolfohdez,2022-05-27 08:00:44.603357,219217
ZelenskyyUa,2022-05-27 08:00:44.603357,6295487
German_Vargas,2022-05-27 08:00:44.603357,881302
UCompensar,2022-05-27 08:00:44.603357,7185
sergio_fajardo,2022-05-27 08:00:44.603357,1662163
realamberheard,2022-05-27 08:00:44.603357,237649
marcollinasvolp,2022-05-27 08:00:44.603357,313
JohnMiltonR_,2022-05-27 08:00:44.603357,42487
AlvaroUribeVel,2022-05-28 08:00:42.892915,5033824
petrogustavo,2022-05-28 08:00:42.892915,4924155
FicoGutierrez,2022-05-28 08:00:42.892915,904037
FranciaMarquezM,2022-05-28 08:00:42.892915,448785
Enrique_GomezM,2022-05-28 08:00:42.892915,37122
EnriquePenalosa,2022-05-28 08:00:42.892915,1992318
ingrodolfohdez,2022-05-28 08:00:42.892915,220343
ZelenskyyUa,2022-05-28 08:00:42.892915,6298392
German_Vargas,2022-05-28 08:00:42.892915,881474
UCompensar,2022-05-28 08:00:42.892915,7187
sergio_fajardo,2022-05-28 08:00:42.892915,1662944
realamberheard,2022-05-28 08:00:42.892915,241036
marcollinasvolp,2022-05-28 08:00:42.892915,313
JohnMiltonR_,2022-05-28 08:00:42.892915,42578
AlvaroUribeVel,2022-05-29 08:00:39.785048,5034743
petrogustavo,2022-05-29 08:00:39.785048,4929235
FicoGutierrez,2022-05-29 08:00:39.785048,905423
FranciaMarquezM,2022-05-29 08:00:39.785048,451043
Enrique_GomezM,2022-05-29 08:00:39.785048,37196
EnriquePenalosa,2022-05-29 08:00:39.785048,1992485
ingrodolfohdez,2022-05-29 08:00:39.785048,221231
ZelenskyyUa,2022-05-29 08:00:39.785048,6300691
German_Vargas,2022-05-29 08:00:39.785048,881657
UCompensar,2022-05-29 08:00:39.785048,7189
sergio_fajardo,2022-05-29 08:00:39.785048,1663663
realamberheard,2022-05-29 08:00:39.785048,242779
marcollinasvolp,2022-05-29 08:00:39.785048,313
JohnMiltonR_,2022-05-29 08:00:39.785048,42640
AlvaroUribeVel,2022-05-30 08:00:26.209918,5039359
petrogustavo,2022-05-30 08:00:26.209918,4956914
FicoGutierrez,2022-05-30 08:00:26.209918,909580
FranciaMarquezM,2022-05-30 08:00:26.209918,462128
Enrique_GomezM,2022-05-30 08:00:26.209918,38008
EnriquePenalosa,2022-05-30 08:00:26.209918,1993014
ingrodolfohdez,2022-05-30 08:00:26.209918,248295
ZelenskyyUa,2022-05-30 08:00:26.209918,6303277
German_Vargas,2022-05-30 08:00:26.209918,881841
UCompensar,2022-05-30 08:00:26.209918,7188
sergio_fajardo,2022-05-30 08:00:26.209918,1666144
realamberheard,2022-05-30 08:00:26.209918,244606
marcollinasvolp,2022-05-30 08:00:26.209918,313
JohnMiltonR_,2022-05-30 08:00:26.209918,42868
AlvaroUribeVel,2022-05-31 08:00:31.741296,5044766
petrogustavo,2022-05-31 08:00:31.741296,4979248
FicoGutierrez,2022-05-31 08:00:31.741296,911542
Enrique_GomezM,2022-05-31 08:00:31.741296,38451
ingrodolfohdez,2022-05-31 08:00:31.741296,284304
German_Vargas,2022-05-31 08:00:31.741296,882061
sergio_fajardo,2022-05-31 08:00:31.741296,1669317
marcollinasvolp,2022-05-31 08:00:31.741296,313
FranciaMarquezM,2022-05-31 08:00:31.741296,470739
EnriquePenalosa,2022-05-31 08:00:31.741296,1993738
ZelenskyyUa,2022-05-31 08:00:31.741296,6304198
UCompensar,2022-05-31 08:00:31.741296,7190
realamberheard,2022-05-31 08:00:31.741296,246269
JohnMiltonR_,2022-05-31 08:00:31.741296,43004
AlvaroUribeVel,2022-06-01 08:00:33.620531,5047038
petrogustavo,2022-06-01 08:00:33.620531,4994446
FicoGutierrez,2022-06-01 08:00:33.620531,913096
FranciaMarquezM,2022-06-01 08:00:33.620531,477113
Enrique_GomezM,2022-06-01 08:00:33.620531,38972
EnriquePenalosa,2022-06-01 08:00:33.620531,1994415
ingrodolfohdez,2022-06-01 08:00:33.620531,306596
ZelenskyyUa,2022-06-01 08:00:33.620531,6306739
German_Vargas,2022-06-01 08:00:33.620531,882257
UCompensar,2022-06-01 08:00:33.620531,7192
sergio_fajardo,2022-06-01 08:00:33.620531,1671826
realamberheard,2022-06-01 08:00:33.620531,248213
marcollinasvolp,2022-06-01 08:00:33.620531,313
JohnMiltonR_,2022-06-01 08:00:33.620531,43112
AlvaroUribeVel,2022-06-02 08:00:35.961735,5048555
petrogustavo,2022-06-02 08:00:35.961735,5007498
FicoGutierrez,2022-06-02 08:00:35.961735,914321
FranciaMarquezM,2022-06-02 08:00:35.961735,482891
Enrique_GomezM,2022-06-02 08:00:35.961735,40586
EnriquePenalosa,2022-06-02 08:00:35.961735,1994802
ingrodolfohdez,2022-06-02 08:00:35.961735,319436
ZelenskyyUa,2022-06-02 08:00:35.961735,6308981
German_Vargas,2022-06-02 08:00:35.961735,882422
UCompensar,2022-06-02 08:00:35.961735,7191
sergio_fajardo,2022-06-02 08:00:35.961735,1673533
realamberheard,2022-06-02 08:00:35.961735,291162
marcollinasvolp,2022-06-02 08:00:35.961735,313
JohnMiltonR_,2022-06-02 08:00:35.961735,43191
AlvaroUribeVel,2022-06-03 08:00:29.620120,5049557
petrogustavo,2022-06-03 08:00:29.620120,5014723
FicoGutierrez,2022-06-03 08:00:29.620120,915267
FranciaMarquezM,2022-06-03 08:00:29.620120,486188
Enrique_GomezM,2022-06-03 08:00:29.620120,41916
EnriquePenalosa,2022-06-03 08:00:29.620120,1995208
ingrodolfohdez,2022-06-03 08:00:29.620120,327062
ZelenskyyUa,2022-06-03 08:00:29.620120,6311394
German_Vargas,2022-06-03 08:00:29.620120,882571
UCompensar,2022-06-03 08:00:29.620120,7191
sergio_fajardo,2022-06-03 08:00:29.620120,1675275
realamberheard,2022-06-03 08:00:29.620120,308753
marcollinasvolp,2022-06-03 08:00:29.620120,313
JohnMiltonR_,2022-06-03 08:00:29.620120,43462
AlvaroUribeVel,2022-06-04 08:00:30.215247,5050367
petrogustavo,2022-06-04 08:00:30.215247,5021581
FicoGutierrez,2022-06-04 08:00:30.215247,916244
FranciaMarquezM,2022-06-04 08:00:30.215247,489782
Enrique_GomezM,2022-06-04 08:00:30.215247,43133
EnriquePenalosa,2022-06-04 08:00:30.215247,1995573
ingrodolfohdez,2022-06-04 08:00:30.215247,332591
ZelenskyyUa,2022-06-04 08:00:30.215247,6313184
German_Vargas,2022-06-04 08:00:30.215247,882678
UCompensar,2022-06-04 08:00:30.215247,7190
sergio_fajardo,2022-06-04 08:00:30.215247,1676135
realamberheard,2022-06-04 08:00:30.215247,313490
marcollinasvolp,2022-06-04 08:00:30.215247,314
JohnMiltonR_,2022-06-04 08:00:30.215247,43608
AlvaroUribeVel,2022-06-05 08:00:35.484489,5051144
petrogustavo,2022-06-05 08:00:35.484489,5028041
FicoGutierrez,2022-06-05 08:00:35.484489,916971
FranciaMarquezM,2022-06-05 08:00:35.484489,492814
Enrique_GomezM,2022-06-05 08:00:35.484489,43999
EnriquePenalosa,2022-06-05 08:00:35.484489,1995876
ingrodolfohdez,2022-06-05 08:00:35.484489,335999
ZelenskyyUa,2022-06-05 08:00:35.484489,6315521
German_Vargas,2022-06-05 08:00:35.484489,882783
UCompensar,2022-06-05 08:00:35.484489,7190
sergio_fajardo,2022-06-05 08:00:35.484489,1676847
realamberheard,2022-06-05 08:00:35.484489,316360
marcollinasvolp,2022-06-05 08:00:35.484489,314
JohnMiltonR_,2022-06-05 08:00:35.484489,43984
AlvaroUribeVel,2022-06-06 08:00:44.877083,5051844
petrogustavo,2022-06-06 08:00:44.877083,5034463
FicoGutierrez,2022-06-06 08:00:44.877083,917602
FranciaMarquezM,2022-06-06 08:00:44.877083,495874
Enrique_GomezM,2022-06-06 08:00:44.877083,44760
EnriquePenalosa,2022-06-06 08:00:44.877083,1996175
ingrodolfohdez,2022-06-06 08:00:44.877083,340282
ZelenskyyUa,2022-06-06 08:00:44.877083,6318672
German_Vargas,2022-06-06 08:00:44.877083,882868
UCompensar,2022-06-06 08:00:44.877083,7189
sergio_fajardo,2022-06-06 08:00:44.877083,1677815
realamberheard,2022-06-06 08:00:44.877083,318271
marcollinasvolp,2022-06-06 08:00:44.877083,314
JohnMiltonR_,2022-06-06 08:00:44.877083,44163
AlvaroUribeVel,2022-06-07 08:00:36.057431,5052564
petrogustavo,2022-06-07 08:00:36.057431,5040609
FicoGutierrez,2022-06-07 08:00:36.057431,918306
FranciaMarquezM,2022-06-07 08:00:36.057431,499052
Enrique_GomezM,2022-06-07 08:00:36.057431,45622
EnriquePenalosa,2022-06-07 08:00:36.057431,1996538
ingrodolfohdez,2022-06-07 08:00:36.057431,343837
ZelenskyyUa,2022-06-07 08:00:36.057431,6320317
German_Vargas,2022-06-07 08:00:36.057431,883007
UCompensar,2022-06-07 08:00:36.057431,7191
sergio_fajardo,2022-06-07 08:00:36.057431,1678541
realamberheard,2022-06-07 08:00:36.057431,320065
marcollinasvolp,2022-06-07 08:00:36.057431,314
JohnMiltonR_,2022-06-07 08:00:36.057431,44365
AlvaroUribeVel,2022-06-08 08:00:30.449806,5053631
petrogustavo,2022-06-08 08:00:30.449806,5048289
FicoGutierrez,2022-06-08 08:00:30.449806,919037
FranciaMarquezM,2022-06-08 08:00:30.449806,502305
Enrique_GomezM,2022-06-08 08:00:30.449806,46431
EnriquePenalosa,2022-06-08 08:00:30.449806,1996780
ingrodolfohdez,2022-06-08 08:00:30.449806,347925
ZelenskyyUa,2022-06-08 08:00:30.449806,6322547
German_Vargas,2022-06-08 08:00:30.449806,883139
UCompensar,2022-06-08 08:00:30.449806,7190
sergio_fajardo,2022-06-08 08:00:30.449806,1679245
realamberheard,2022-06-08 08:00:30.449806,321689
marcollinasvolp,2022-06-08 08:00:30.449806,314
JohnMiltonR_,2022-06-08 08:00:30.449806,44483
AlvaroUribeVel,2022-06-09 08:00:43.953516,5054436
petrogustavo,2022-06-09 08:00:43.953516,5055183
FicoGutierrez,2022-06-09 08:00:43.953516,919937
FranciaMarquezM,2022-06-09 08:00:43.953516,505191
Enrique_GomezM,2022-06-09 08:00:43.953516,47187
EnriquePenalosa,2022-06-09 08:00:43.953516,1997096
ingrodolfohdez,2022-06-09 08:00:43.953516,351553
ZelenskyyUa,2022-06-09 08:00:43.953516,6325219
German_Vargas,2022-06-09 08:00:43.953516,883212
UCompensar,2022-06-09 08:00:43.953516,7190
sergio_fajardo,2022-06-09 08:00:43.953516,1680090
realamberheard,2022-06-09 08:00:43.953516,323174
marcollinasvolp,2022-06-09 08:00:43.953516,314
JohnMiltonR_,2022-06-09 08:00:43.953516,44643
AlvaroUribeVel,2022-06-10 08:00:32.467308,5055636
petrogustavo,2022-06-10 08:00:32.467308,5063383
FicoGutierrez,2022-06-10 08:00:32.467308,921543
FranciaMarquezM,2022-06-10 08:00:32.467308,508907
Enrique_GomezM,2022-06-10 08:00:32.467308,48474
EnriquePenalosa,2022-06-10 08:00:32.467308,1997506
ingrodolfohdez,2022-06-10 08:00:32.467308,356613
ZelenskyyUa,2022-06-10 08:00:32.467308,6327007
German_Vargas,2022-06-10 08:00:32.467308,883363
UCompensar,2022-06-10 08:00:32.467308,7190
sergio_fajardo,2022-06-10 08:00:32.467308,1681940
realamberheard,2022-06-10 08:00:32.467308,324086
marcollinasvolp,2022-06-10 08:00:32.467308,314
JohnMiltonR_,2022-06-10 08:00:32.467308,44832
AlvaroUribeVel,2022-06-11 08:00:30.119669,5056481
petrogustavo,2022-06-11 08:00:30.119669,5070050
FicoGutierrez,2022-06-11 08:00:30.119669,922502
FranciaMarquezM,2022-06-11 08:00:30.119669,512012
Enrique_GomezM,2022-06-11 08:00:30.119669,49117
EnriquePenalosa,2022-06-11 08:00:30.119669,1997797
ingrodolfohdez,2022-06-11 08:00:30.119669,359610
ZelenskyyUa,2022-06-11 08:00:30.119669,6329335
German_Vargas,2022-06-11 08:00:30.119669,883436
UCompensar,2022-06-11 08:00:30.119669,7193
sergio_fajardo,2022-06-11 08:00:30.119669,1682847
realamberheard,2022-06-11 08:00:30.119669,324789
marcollinasvolp,2022-06-11 08:00:30.119669,314
JohnMiltonR_,2022-06-11 08:00:30.119669,44883
AlvaroUribeVel,2022-06-12 08:00:43.038567,5057291
petrogustavo,2022-06-12 08:00:43.038567,5075097
FicoGutierrez,2022-06-12 08:00:43.038567,923359
FranciaMarquezM,2022-06-12 08:00:43.038567,514973
Enrique_GomezM,2022-06-12 08:00:43.038567,49550
EnriquePenalosa,2022-06-12 08:00:43.038567,1998009
ingrodolfohdez,2022-06-12 08:00:43.038567,361987
ZelenskyyUa,2022-06-12 08:00:43.038567,6331042
German_Vargas,2022-06-12 08:00:43.038567,883514
UCompensar,2022-06-12 08:00:43.038567,7192
sergio_fajardo,2022-06-12 08:00:43.038567,1683440
realamberheard,2022-06-12 08:00:43.038567,325323
marcollinasvolp,2022-06-12 08:00:43.038567,314
JohnMiltonR_,2022-06-12 08:00:43.038567,44918
AlvaroUribeVel,2022-06-13 08:00:30.889144,5058181
petrogustavo,2022-06-13 08:00:30.889144,5080725
FicoGutierrez,2022-06-13 08:00:30.889144,924148
FranciaMarquezM,2022-06-13 08:00:30.889144,518090
Enrique_GomezM,2022-06-13 08:00:30.889144,50088
EnriquePenalosa,2022-06-13 08:00:30.889144,1998294
ingrodolfohdez,2022-06-13 08:00:30.889144,364293
ZelenskyyUa,2022-06-13 08:00:30.889144,6332337
German_Vargas,2022-06-13 08:00:30.889144,883782
UCompensar,2022-06-13 08:00:30.889144,7192
sergio_fajardo,2022-06-13 08:00:30.889144,1684015
realamberheard,2022-06-13 08:00:30.889144,326195
marcollinasvolp,2022-06-13 08:00:30.889144,314
JohnMiltonR_,2022-06-13 08:00:30.889144,44995
AlvaroUribeVel,2022-06-14 08:00:30.888479,5059126
petrogustavo,2022-06-14 08:00:30.888479,5087076
FicoGutierrez,2022-06-14 08:00:30.888479,925180
FranciaMarquezM,2022-06-14 08:00:30.888479,521234
Enrique_GomezM,2022-06-14 08:00:30.888479,50652
EnriquePenalosa,2022-06-14 08:00:30.888479,1998720
ingrodolfohdez,2022-06-14 08:00:30.888479,366826
ZelenskyyUa,2022-06-14 08:00:30.888479,6333141
German_Vargas,2022-06-14 08:00:30.888479,884021
UCompensar,2022-06-14 08:00:30.888479,7194
sergio_fajardo,2022-06-14 08:00:30.888479,1684752
realamberheard,2022-06-14 08:00:30.888479,327290
marcollinasvolp,2022-06-14 08:00:30.888479,314
JohnMiltonR_,2022-06-14 08:00:30.888479,45190
AlvaroUribeVel,2022-06-15 08:00:39.304231,5060367
petrogustavo,2022-06-15 08:00:39.304231,5094564
FicoGutierrez,2022-06-15 08:00:39.304231,926213
FranciaMarquezM,2022-06-15 08:00:39.304231,524933
EnriquePenalosa,2022-06-15 08:00:39.304231,1999167
ZelenskyyUa,2022-06-15 08:00:39.304231,6334222
UCompensar,2022-06-15 08:00:39.304231,7197
realamberheard,2022-06-15 08:00:39.304231,328384
JohnMiltonR_,2022-06-15 08:00:39.304231,45592
Enrique_GomezM,2022-06-15 08:00:39.304231,51190
ingrodolfohdez,2022-06-15 08:00:39.304231,369927
German_Vargas,2022-06-15 08:00:39.304231,884242
sergio_fajardo,2022-06-15 08:00:39.304231,1685555
marcollinasvolp,2022-06-15 08:00:39.304231,314
AlvaroUribeVel,2022-06-16 08:00:31.324198,5061216
petrogustavo,2022-06-16 08:00:31.324198,5101754
FicoGutierrez,2022-06-16 08:00:31.324198,927051
FranciaMarquezM,2022-06-16 08:00:31.324198,528112
Enrique_GomezM,2022-06-16 08:00:31.324198,51764
EnriquePenalosa,2022-06-16 08:00:31.324198,1999501
ingrodolfohdez,2022-06-16 08:00:31.324198,373484
ZelenskyyUa,2022-06-16 08:00:31.324198,6335277
German_Vargas,2022-06-16 08:00:31.324198,884370
UCompensar,2022-06-16 08:00:31.324198,7198
sergio_fajardo,2022-06-16 08:00:31.324198,1686173
realamberheard,2022-06-16 08:00:31.324198,329159
marcollinasvolp,2022-06-16 08:00:31.324198,314
JohnMiltonR_,2022-06-16 08:00:31.324198,45837
AlvaroUribeVel,2022-06-17 08:00:40.952648,5062178
petrogustavo,2022-06-17 08:00:40.952648,5116438
FicoGutierrez,2022-06-17 08:00:40.952648,927819
FranciaMarquezM,2022-06-17 08:00:40.952648,533426
Enrique_GomezM,2022-06-17 08:00:40.952648,52353
EnriquePenalosa,2022-06-17 08:00:40.952648,1999720
ingrodolfohdez,2022-06-17 08:00:40.952648,377847
ZelenskyyUa,2022-06-17 08:00:40.952648,6336971
German_Vargas,2022-06-17 08:00:40.952648,884475
UCompensar,2022-06-17 08:00:40.952648,7200
sergio_fajardo,2022-06-17 08:00:40.952648,1686908
realamberheard,2022-06-17 08:00:40.952648,330036
marcollinasvolp,2022-06-17 08:00:40.952648,314
JohnMiltonR_,2022-06-17 08:00:40.952648,46023
AlvaroUribeVel,2022-06-18 08:00:38.610719,5063035
petrogustavo,2022-06-18 08:00:38.610719,5125054
FicoGutierrez,2022-06-18 08:00:38.610719,928579
FranciaMarquezM,2022-06-18 08:00:38.610719,537205
Enrique_GomezM,2022-06-18 08:00:38.610719,52869
EnriquePenalosa,2022-06-18 08:00:38.610719,2000043
ingrodolfohdez,2022-06-18 08:00:38.610719,381577
ZelenskyyUa,2022-06-18 08:00:38.610719,6338953
German_Vargas,2022-06-18 08:00:38.610719,884582
UCompensar,2022-06-18 08:00:38.610719,7199
sergio_fajardo,2022-06-18 08:00:38.610719,1687606
realamberheard,2022-06-18 08:00:38.610719,330703
marcollinasvolp,2022-06-18 08:00:38.610719,315
JohnMiltonR_,2022-06-18 08:00:38.610719,46120
AlvaroUribeVel,2022-06-19 08:00:19.666979,5064194
petrogustavo,2022-06-19 08:00:19.666979,5144469
FicoGutierrez,2022-06-19 08:00:19.666979,929536
FranciaMarquezM,2022-06-19 08:00:19.666979,544240
Enrique_GomezM,2022-06-19 08:00:19.666979,53506
EnriquePenalosa,2022-06-19 08:00:19.666979,2000375
ingrodolfohdez,2022-06-19 08:00:19.666979,385187
ZelenskyyUa,2022-06-19 08:00:19.666979,6341012
German_Vargas,2022-06-19 08:00:19.666979,884692
UCompensar,2022-06-19 08:00:19.666979,7199
sergio_fajardo,2022-06-19 08:00:19.666979,1688479
realamberheard,2022-06-19 08:00:19.666979,331226
marcollinasvolp,2022-06-19 08:00:19.666979,315
JohnMiltonR_,2022-06-19 08:00:19.666979,46237
